{"type":"Topology","transform":{"scale":[0.0017290449522396282,0.0009796213976578099],"translate":[-13.688221450974499,49.91398909481955]},"objects":{"uk_subunits":{"type":"GeometryCollection","geometries":[{"type":"MultiPolygon","arcs":[[[0]],[[1]],[[2,3,4,5]]],"properties":{"name":"England"}},{"type":"MultiPolygon","arcs":[[[6]],[[7,8]]],"properties":{"name":"Ireland"}},{"type":"Polygon","arcs":[[-8,9]],"properties":{"name":"N. Ireland"}},{"type":"MultiPolygon","arcs":[[[10]],[[11]],[[12]],[[13]],[[14]],[[15]],[[16]],[[17]],[[18]],[[19]],[[20]],[[21]],[[22]],[[23]],[[24]],[[-5,25]],[[26]],[[27]],[[28]],[[29]],[[30]],[[31]],[[32]],[[33]],[[34]]],"properties":{"name":"Scotland"}},{"type":"MultiPolygon","arcs":[[[-3,35]],[[36]]],"properties":{"name":"Wales"}}],"bbox":[-10.460094525143113,49.95905167911181,1.771169467000016,60.84460464988539]},"uk_places":{"type":"GeometryCollection","geometries":[{"type":null,"properties":{"name":"Ayr"}},{"type":null,"properties":{"name":"Aberdeen"}},{"type":null,"properties":{"name":"Perth"}},{"type":null,"properties":{"name":"Dundee"}},{"type":null,"properties":{"name":"Middlesbrough"}},{"type":null,"properties":{"name":"Coventry"}},{"type":null,"properties":{"name":"Bath"}},{"type":null,"properties":{"name":"Exeter"}},{"type":null,"properties":{"name":"Cambridge"}},{"type":null,"properties":{"name":"Kingston upon Hull"}},{"type":null,"properties":{"name":"Londonderry"}},{"type":null,"properties":{"name":"Lisburn"}},{"type":null,"properties":{"name":"Penzance"}},{"type":null,"properties":{"name":"York"}},{"type":null,"properties":{"name":"Blackpool"}},{"type":null,"properties":{"name":"Dumfries"}},{"type":null,"properties":{"name":"Scarborough"}},{"type":null,"properties":{"name":"Plymouth"}},{"type":null,"properties":{"name":"Ipswich"}},{"type":null,"properties":{"name":"Norwich"}},{"type":null,"properties":{"name":"Brighton"}},{"type":null,"properties":{"name":"Kirkwall"}},{"type":null,"properties":{"name":"Inverness"}},{"type":null,"properties":{"name":"Oxford"}},{"type":null,"properties":{"name":"Luton"}},{"type":null,"properties":{"name":"Portsmouth"}},{"type":null,"properties":{"name":"Peterborough"}},{"type":null,"properties":{"name":"Nottingham"}},{"type":null,"properties":{"name":"Stoke"}},{"type":null,"properties":{"name":"Dover"}},{"type":null,"properties":{"name":"Edinburgh"}},{"type":null,"properties":{"name":"Newcastle"}},{"type":null,"properties":{"name":"Liverpool"}},{"type":null,"properties":{"name":"Cardiff"}},{"type":null,"properties":{"name":"Wick"}},{"type":null,"properties":{"name":"Leeds"}},{"type":null,"properties":{"name":"Lerwick"}},{"type":null,"properties":{"name":"Manchester"}},{"type":null,"properties":{"name":"Birmingham"}},{"type":null,"properties":{"name":"Belfast"}},{"type":null,"properties":{"name":"Glasgow"}},{"type":null,"properties":{"name":"London"}}]}},"arcs":[[[7167,877],[108,-41],[28,-41],[-60,-52],[-2,-39],[-85,-15],[-133,99],[73,48],[11,-11],[60,52]],[[8458,1487],[-81,-1],[-36,44],[20,36],[71,-27],[26,-52]],[[6375,1739],[-11,111],[17,83],[-43,31],[-84,93],[-45,-21],[-44,56],[-55,115],[24,69],[-15,30],[61,86],[27,86],[-66,6],[-74,67],[2,55],[95,31],[31,50],[-17,22],[-63,-40],[-1,59],[49,69],[13,58],[28,24],[-104,63],[-6,38],[38,82],[47,37],[91,-12],[39,-38],[34,17],[-4,50],[-71,52],[-30,92],[-28,32],[22,46],[-62,65],[-37,11]],[[6133,3414],[-58,121],[16,33],[57,26],[27,-18],[34,-95],[38,10],[-54,60],[-67,155],[-2,28],[86,139],[-57,62],[3,112],[15,55],[93,36],[-35,69],[71,92],[-32,61],[-41,-24],[-81,0],[-33,-53],[-71,3],[6,91],[-44,-10],[-58,87],[-4,67],[-127,174],[72,213],[24,13],[46,152],[65,62],[36,11],[52,-23],[42,50]],[[6152,5173],[21,71],[26,-12],[85,98],[45,21],[69,73],[1,40],[93,96],[60,2],[20,36],[66,36],[15,33],[-83,177],[49,11],[41,68],[87,92]],[[6747,6015],[119,-177],[28,9],[79,-58],[27,-104],[8,-201],[29,-58],[-1,-64],[63,-169],[26,-26],[8,-73],[46,-159],[99,-127],[183,-64],[130,-85],[58,-91],[38,-122],[69,-53],[25,-58],[92,-49],[-51,-30],[-32,-62],[39,-126],[165,-262],[-57,4],[-46,-21],[-49,21],[-56,75],[-31,-13],[53,-89],[82,-51],[82,-84],[33,-12],[39,-58],[71,-197],[8,-82],[-16,-61],[-97,-79],[-46,-71],[-35,-27],[86,-52],[44,-68],[77,-4],[34,50],[20,78],[27,39],[95,33],[88,-12],[77,-28],[-2,28],[179,-47],[70,-38],[144,-119],[30,-46],[30,-108],[0,-94],[13,-48],[-51,-164],[-30,-56],[0,-71],[-28,-122],[-46,-20],[-99,-124],[-77,-64],[52,-17],[-89,-81],[-57,1],[-28,49],[-59,-49],[25,-39],[13,-129],[-46,-59],[-59,-32],[-85,-6],[42,-46],[-82,-66],[122,-49],[123,-16],[72,25],[186,19],[14,-9],[-39,-81],[19,-85],[-33,-91],[-106,-56],[-39,0],[-45,-36],[-35,-60],[7,-66],[-20,-9],[-83,30],[-79,-70],[-149,-41],[-79,-84],[-85,13],[-171,70],[-57,3],[-73,-30],[-99,0],[-95,-36],[-46,-33],[-53,37],[23,37],[-32,29],[-58,8],[-21,-62],[-47,-1],[-95,63],[-9,-44],[-120,-41],[-20,-42],[-65,21],[-58,-20],[-37,8],[-116,-15],[60,-70],[-30,-49],[-57,1],[-43,23],[-162,17],[-17,-52],[-131,109],[-99,41],[-77,-25],[-36,5],[-38,-29],[-77,-11],[-21,-38],[-73,-8],[-49,-110],[10,-112],[-29,-69],[-54,-33],[-8,-88],[-83,-13],[-55,69],[-50,41],[-36,-26],[-43,42],[1,35],[-64,18],[-21,-33],[-76,12],[-64,-40],[-96,-6],[-52,8],[-28,-103],[-29,5],[-57,-36],[-61,-3],[-19,-88],[17,-50],[-48,-47],[-29,-57],[-77,133],[-88,42],[-38,-18],[-13,-54],[-82,-8],[-2,82],[14,29],[100,60],[42,-26],[30,47],[42,13],[97,104],[-4,46],[60,30],[14,97],[60,31],[1,35],[74,7],[21,64],[57,54],[62,101],[-3,89],[17,119],[109,-17],[75,81],[-12,118],[45,19],[179,23],[41,14],[76,-21],[119,-17],[28,-24],[189,22],[34,26],[-6,79],[29,65],[82,101],[59,26],[62,111],[-33,10]],[[2158,4188],[20,-64],[-21,-75],[-56,34],[-18,59],[-89,3],[29,43],[32,-17],[41,23],[62,-6]],[[3725,5263],[-63,-29],[-28,-38],[-38,-162],[-42,-54],[-5,-39],[-56,-10],[-51,-38],[-63,24],[-36,-45],[36,-57],[56,-36],[-58,-55],[-88,2],[-34,-52],[-66,-32],[55,-83],[45,-23],[29,-58],[41,-13],[25,-85],[76,-5],[56,-61],[61,-15],[37,21],[74,-32],[28,27],[20,68],[48,46],[-37,41],[10,43],[38,15],[45,63],[37,-8],[61,-64],[9,-59],[44,-81],[47,-5],[39,-31],[-19,-102],[32,-32],[80,31],[59,-4],[12,48],[49,-13]],[[4290,4271],[94,-86],[-20,-36],[-95,34],[-23,-9],[-15,-106],[74,-35],[-2,-111],[15,-112],[75,-70],[6,-53],[-25,-59],[1,-77],[-53,-36],[34,-59],[34,-14],[0,-73],[39,-105],[-13,-105],[33,-45],[-65,-127],[-23,-96],[-39,-81],[3,-123],[-90,-155],[1,-37],[-49,-3],[-4,-44],[38,-17],[42,-56],[-30,-62],[-70,21],[-52,-22],[-78,39],[-41,-7],[-64,-59],[-23,78],[-19,-9],[-18,-75],[-252,-21],[-75,-44],[11,-24],[-25,-69],[-69,-18],[-8,-30],[-76,6],[-21,-70],[-68,-27],[3,-27],[-112,-29],[-19,37],[11,48],[-48,19],[-5,-147],[-25,-35],[-88,-32],[-24,-57],[-87,-6],[-4,-56],[-91,20],[-46,-62],[-27,26],[-74,-12],[-49,-25],[-18,-38],[-28,21],[-47,-18],[-35,21],[7,36],[-84,-21],[-47,-32],[-15,26],[-88,-76],[-3,47],[41,39],[-26,24],[9,40],[180,94],[9,30],[-47,13],[-71,-47],[-131,-24],[-90,-62],[-34,78],[36,0],[88,132],[-95,-20],[-42,-37],[-43,45],[-29,63],[-62,-65],[-11,102],[62,21],[-30,52],[23,29],[195,86],[12,61],[-69,8],[-91,-31],[-19,23],[-140,-29],[6,88],[45,-15],[3,55],[46,36],[67,23],[3,-53],[70,35],[100,-37],[-1,47],[27,32],[-4,67],[-57,24],[9,27],[97,31],[42,45],[3,53],[31,26],[70,-8],[130,8],[117,47],[45,1],[34,64],[-20,86],[-33,-25],[-70,-126],[-88,-35],[-147,51],[-82,-34],[-7,-27],[-68,16],[117,121],[71,40],[4,51],[37,76],[36,38],[-41,54],[95,183],[66,-36],[85,56],[21,-9],[24,58],[-52,63],[-31,-13],[-188,-15],[-63,-20],[-57,49],[-4,45],[-39,55],[-34,-62],[-37,-13],[-56,23],[36,44],[-47,23],[-60,-5],[-75,56],[60,15],[-58,91],[83,63],[81,12],[-31,75],[8,74],[90,14],[76,41],[31,49],[-27,35],[-83,0],[-88,-41],[-20,21],[16,76],[45,10],[-34,94],[-42,23],[20,111],[-43,32],[-54,8],[49,65],[84,-34],[17,74],[266,-32],[30,21],[70,-44],[1,-59],[28,-26],[41,35],[23,65],[65,0],[47,-27],[54,13],[83,-21],[67,43],[-8,30],[-82,11],[27,38],[134,95],[55,11],[39,93],[47,36],[10,42],[-87,-35],[-26,24],[-39,-31],[-20,36],[-148,-22],[-58,41],[-12,40],[92,72],[58,-2],[6,66],[92,14],[-38,57],[21,55],[-11,49],[79,161],[68,-23],[81,52],[12,31],[52,-31],[68,18],[18,50],[68,18],[14,-70],[53,-74],[-34,-63],[33,-41],[35,13],[-1,104],[-44,60],[19,72],[108,34],[-15,52],[61,-1],[60,-65],[97,-46],[19,-31],[-125,-69],[-51,-83]],[[3725,5263],[106,-27],[27,28],[32,126],[45,-21],[75,5],[106,33],[55,39],[57,-3],[70,-36],[90,1],[37,-45],[-10,-104],[50,-23],[-10,-62],[32,-12],[58,-88],[74,-61],[-3,-84],[-80,-42],[4,-53],[53,31],[100,0],[55,-112],[26,-111],[-39,-124],[-44,64],[20,57],[-8,54],[-51,57],[-41,-31],[44,-42],[50,-201],[-60,-71],[-71,18],[-48,-17],[-18,-128],[-85,-70],[-32,0],[-52,58],[-49,5]],[[4957,5640],[-84,8],[-48,36],[0,69],[-28,98],[23,45],[53,34],[59,-48],[38,-112],[-18,-30],[28,-84],[-23,-16]],[[5019,5936],[-61,56],[-49,130],[69,-33],[30,-61],[11,-92]],[[4387,6040],[30,-66],[15,-86],[-78,-57],[-49,35],[-60,115],[-67,-100],[-23,6],[32,97],[-2,66],[25,24],[83,22],[72,57],[22,-113]],[[4574,6233],[-62,-136],[-34,-29],[-10,-55],[-58,5],[-7,109],[45,36],[9,59],[136,135],[34,-30],[-53,-94]],[[3937,6667],[-48,15],[-15,45],[144,45],[-1,-31],[-73,-39],[-7,-35]],[[4427,6844],[41,-95],[98,-9],[84,-70],[-41,-97],[-75,-40],[-38,22],[-204,-74],[-46,26],[-6,49],[99,-5],[-10,50],[39,63],[73,28],[-4,35],[-64,-30],[-27,43],[-66,16],[-22,75],[120,49],[49,-36]],[[4120,6824],[-22,46],[56,42],[14,-38],[-48,-50]],[[3647,7221],[-54,-47],[-47,12],[19,58],[52,13],[30,-36]],[[4290,7252],[8,-45],[-27,-31],[-88,61],[75,56],[32,-41]],[[3664,7650],[52,-35],[36,-84],[-40,-77],[18,-118],[-66,0],[-59,139],[38,77],[-23,77],[44,21]],[[3699,7729],[40,-25],[-40,-57],[-67,41],[22,45],[45,-4]],[[4457,7741],[-21,-80],[16,-73],[-37,-21],[-13,45],[23,121],[32,8]],[[3759,7902],[72,-21],[-54,-126],[-93,6],[-19,38],[-112,40],[40,71],[46,-28],[37,28],[83,-8]],[[4267,7951],[90,-116],[11,-237],[47,-67],[76,-25],[13,-24],[94,34],[53,-13],[-9,-52],[-69,-47],[-11,-44],[-69,-76],[-64,-4],[39,98],[-36,55],[-169,-35],[-95,154],[44,40],[-91,45],[-10,-58],[-78,39],[-40,82],[45,55],[43,-17],[39,65],[58,-46],[53,19],[-25,117],[61,58]],[[4333,8618],[-33,-64],[-37,-26],[4,-55],[-36,-74],[-40,-15],[44,-70],[-11,-44],[-101,-103],[-53,9],[-6,-44],[-67,22],[21,-71],[-57,-20],[-82,-80],[-56,80],[67,58],[0,25],[60,21],[-54,43],[-93,35],[31,34],[-37,115],[50,48],[3,62],[41,-15],[37,-59],[56,31],[-11,84],[60,56],[54,11],[159,115],[46,50],[36,-31],[22,-64],[-17,-64]],[[6152,5173],[-49,-14],[-184,15],[-75,-15],[-8,-91],[-55,5],[-27,-24],[-60,6],[11,-42],[-81,-54],[-121,20],[-38,53],[-70,-27],[7,-117],[-13,-20],[-78,22],[-53,73],[-152,92],[-55,-57],[0,-83],[-101,122],[-27,67],[3,96],[38,18],[26,-97],[42,4],[-34,82],[22,129],[73,79],[29,115],[47,85],[72,54],[0,53],[-35,26],[-3,62],[-49,28],[-83,77],[34,49],[-18,139],[12,46],[115,25],[-30,37],[-97,-9],[-53,-120],[-109,64],[-72,-83],[-22,44],[-1,102],[77,126],[-14,10],[-81,-123],[-38,1],[15,-147],[52,-85],[-67,-64],[-33,-77],[17,-68],[-58,-162],[27,-47],[-72,-71],[-83,10],[-4,87],[43,50],[-1,131],[21,101],[31,26],[23,68],[-34,21],[-16,59],[25,37],[-38,35],[64,97],[-42,13],[62,85],[21,69],[-19,67],[-26,10],[12,79],[36,75],[66,66],[-22,59],[67,141],[57,28],[-28,24],[-97,-71],[-95,-116],[-39,-32],[-108,54],[-87,69],[28,72],[-82,9],[-37,-20],[-42,51],[31,27],[89,10],[35,21],[57,-9],[10,42],[67,79],[-68,5],[12,100],[51,41],[-27,22],[70,91],[-2,28],[54,103],[-82,8],[11,48],[80,32],[-35,54],[-48,-58],[-58,-4],[-2,89],[-36,53],[20,87],[86,-53],[17,17],[-59,92],[-25,8],[-1,206],[63,26],[22,-79],[43,41],[-37,47],[21,52],[73,-75],[35,54],[62,6],[70,-17],[-3,63],[-51,21],[-43,88],[38,4],[14,86],[-68,92],[172,33],[-45,78],[18,63],[49,-28],[5,68],[-31,61],[43,31],[24,86],[132,-31],[85,-76],[16,52],[190,-48],[61,39],[147,0],[75,18],[62,38],[55,5],[19,-24],[97,-1],[13,48],[80,13],[29,-20],[77,-1],[-63,-148],[30,-46],[-30,-83],[-53,-65],[-95,-41],[-76,-98],[-180,-130],[-14,-39],[-80,-45],[4,-119],[39,-36],[-42,-114],[-32,43],[-64,-46],[75,-39],[-106,-105],[-24,-56],[44,0],[80,61],[-12,28],[126,9],[89,63],[54,-14],[57,73],[120,8],[119,-53],[94,35],[149,-6],[77,-29],[53,-1],[80,29],[64,-18],[44,27],[102,-23],[60,-71],[40,-143],[-53,-80],[-75,-77],[-54,-169],[14,-35],[-80,-137],[1,-72],[-86,-126],[-61,-57],[-51,-158],[-136,-107],[-33,-102],[30,-44],[53,-4],[58,-45],[-41,-57],[-78,-37],[-105,13],[-94,-84],[-30,-66],[-140,-34],[-93,28],[-52,-1],[9,-42],[45,7],[159,-40],[105,-9],[18,-21],[88,21],[78,98],[98,-8],[189,-125],[93,-18],[72,-113]],[[6248,9091],[-52,-49],[-35,56],[48,14],[39,-21]],[[6040,9169],[52,-112],[-84,-7],[-16,40],[-60,57],[55,56],[53,-34]],[[6092,9420],[41,-14],[52,-56],[-79,-70],[41,-14],[73,20],[40,-36],[43,17],[44,-25],[4,-36],[-76,-50],[-44,17],[-34,55],[-132,-39],[-20,58],[-50,-15],[-25,60],[24,113],[98,15]],[[6405,9430],[57,-59],[-48,-21],[-9,80]],[[6532,9577],[-101,-59],[-33,21],[134,38]],[[6212,9631],[-16,-56],[-43,26],[59,30]],[[7169,10908],[-25,-68],[23,-97],[144,-5],[-17,-115],[-36,-36],[-28,-96],[25,-4],[-34,-106],[22,-24],[-45,-85],[-19,-97],[-58,27],[65,211],[-38,92],[-59,-20],[-56,7],[-12,38],[-70,10],[7,69],[170,14],[12,28],[-56,85],[1,30],[-54,23],[69,99],[69,20]],[[7292,11046],[50,-4],[8,-76],[-36,-106],[11,-50],[-62,-8],[-22,36],[-6,96],[57,112]],[[7468,11104],[-43,-76],[-67,-27],[8,63],[41,94],[64,-11],[-3,-43]],[[6375,1739],[-28,-32],[-84,-41],[-67,17],[-76,-67],[-45,-102],[-60,-13],[-145,14],[-72,80],[-32,2],[-41,106],[-38,42],[-62,-7],[-7,-55],[-85,3],[-46,-28],[-51,18],[0,63],[114,23],[-63,47],[-54,-14],[-42,36],[12,28],[-132,6],[-60,-24],[-20,-69],[-79,-3],[-53,-52],[-47,21],[-8,63],[111,43],[-11,63],[-34,-2],[6,-64],[-57,-12],[-127,25],[71,59],[-11,69],[-96,9],[2,54],[98,42],[28,69],[63,-19],[75,12],[64,97],[49,24],[71,-2],[75,69],[40,14],[69,63],[58,111],[25,158],[-42,63],[44,121],[-58,91],[18,19],[-15,86],[-49,5],[-103,-27],[-43,-43],[-28,-62],[-31,25],[-71,-12],[-17,28],[81,101],[41,15],[96,86],[10,86],[61,53],[49,66],[49,0],[116,61],[-3,38],[58,-7],[31,-33],[89,8],[110,58],[24,1],[121,-92],[22,-4]],[[5486,3455],[43,17],[49,-12],[-31,-54],[-43,-19],[-33,-50],[-66,-52],[-41,0],[-47,48],[-44,99],[0,119],[84,35],[86,-26],[43,-105]]],"bbox":[-10.460094525143113,49.95905167911181,1.771169467000016,60.84460464988539]}